"10000","359775654231223","22321","1000.00"
"10001","359775654237878","790432e","1000.00"
"10002","348943571353780","gfd70cv","1000.00"
"10003","359775554237878","poi098","1000.00"
"10004","334943571353780","ml0986","1000.00"
"10005","359775654238078","1df9m54","1000.00"
"10006","348934671353780","c26gh9","1000.00"
"10007","390775654237878","mput","1000.00"
"10008","348943573056780","qweedsa","1000.00"
"10009","359709364237878","dfghbcs","1000.00"
"10010","509943571353780","s457poi","1000.00"
"10011","956775654237878","bnf356","1000.00"
"10012","348943571567780","jh412","1000.00"
"10013","359775345237878","fgh6555","1000.00"
"10014","342533571353780","f5tu8","1000.00"
"10015","359775654230878","cbfda23","1000.00"
"10016","348943571063780","da2dgt4","1000.00"
"10017","359775652547878","dbewavs","1000.00"
"10018","342033571353780","vjutezd","1000.00"
"10019","359775654230878","dqewvd","1000.00"
"10020","348333571353780","szfdxfr5","1000.00"
"10032","362345652356709","sdfews","1000.00"
"10033","332211456782130","fgews","1000.00"
"10034","556421678908754","sdfwew","1000.00"
"10035","445667890086543","srttyur","1000.00"
"10036","212334554556789","eretuy","1000.00"
"10037","987655433546763","34352","1000.00"
"10038","435353453453344","97865","1000.00"
"10039","564676887979988","fdg34","1000.00"
"10040","534446575768685","23245","1000.00"
